israel	relintergovorgs	israel
usa	independence	uk
jordan	intergovorgs	usa
brazil	reldiplomacy	usa
egypt	booktranslations	india
india	exports3	uk
indonesia	intergovorgs3	usa
netherlands	aidenemy	egypt
uk	nonviolentbehavior	brazil
jordan	reldiplomacy	jordan
burma	accusation	egypt
china	commonbloc2	ussr
cuba	tourism	ussr
netherlands	independence	poland
indonesia	intergovorgs3	cuba
egypt	intergovorgs	israel
cuba	duration	indonesia
usa	pprotests	china
ussr	weightedunvote	brazil
china	commonbloc2	poland
ussr	pprotests	israel
egypt	relngo	uk
netherlands	students	usa
indonesia	ngo	netherlands
india	intergovorgs3	jordan
uk	embassy	usa
indonesia	reltreaties	usa
netherlands	embassy	jordan
egypt	blockpositionindex	netherlands
israel	exports3	uk
china	timesinceally	india
ussr	blockpositionindex	indonesia
israel	ngoorgs3	ussr
israel	weightedunvote	usa
poland	intergovorgs3	netherlands
burma	timesincewar	usa
cuba	independence	uk
israel	intergovorgs3	usa
india	relexports	egypt
netherlands	embassy	usa
indonesia	relexports	china
india	boycottembargo	brazil
indonesia	commonbloc0	israel
usa	reltourism	brazil
netherlands	independence	indonesia
brazil	intergovorgs3	netherlands
netherlands	unweightedunvote	uk
israel	intergovorgs	ussr
indonesia	embassy	poland
burma	ngo	ussr
jordan	ngo	ussr
burma	relexports	usa
usa	relngo	uk
ussr	independence	usa
egypt	students	cuba
ussr	reldiplomacy	netherlands
indonesia	blockpositionindex	usa
egypt	ngoorgs3	usa
israel	blockpositionindex	egypt
cuba	commonbloc1	israel
uk	embassy	india
egypt	officialvisits	netherlands
egypt	reltreaties	israel
china	commonbloc1	india
burma	independence	egypt
poland	ngo	india
poland	tourism3	netherlands
burma	intergovorgs3	netherlands
ussr	tourism	netherlands
usa	conferences	cuba
uk	ngoorgs3	china
netherlands	ngoorgs3	china
cuba	commonbloc2	israel
ussr	independence	cuba
brazil	officialvisits	netherlands
usa	reltreaties	uk
netherlands	reltreaties	israel
china	embassy	usa
egypt	ngo	poland
ussr	relngo	poland
uk	reldiplomacy	jordan
egypt	commonbloc1	china
ussr	embassy	uk
india	commonbloc2	netherlands
poland	relintergovorgs	india
uk	unweightedunvote	ussr
netherlands	commonbloc1	uk
egypt	treaties	uk
brazil	relngo	egypt
usa	ngo	netherlands
egypt	commonbloc1	israel
ussr	pprotests	netherlands
indonesia	negativebehavior	usa
brazil	embassy	ussr
uk	releconomicaid	india
brazil	relexports	uk
uk	accusation	usa
brazil	conferences	netherlands
poland	intergovorgs3	cuba
china	reltreaties	china
jordan	reldiplomacy	india
ussr	conferences	ussr
netherlands	militaryalliance	usa
brazil	reltreaties	india
israel	relexportbooks	india
poland	embassy	india
ussr	relbooktranslations	china
ussr	embassy	ussr
indonesia	independence	uk
uk	ngo	india
usa	blockpositionindex	egypt
jordan	treaties	uk
uk	independence	uk
india	commonbloc0	indonesia
poland	negativebehavior	china
egypt	intergovorgs3	usa
cuba	ngoorgs3	india
indonesia	relemigrants	uk
poland	negativecomm	netherlands
usa	exportbooks	cuba
ussr	weightedunvote	netherlands
ussr	conferences	uk
brazil	commonbloc1	poland
israel	relintergovorgs	usa
jordan	relngo	netherlands
israel	ngo	egypt
cuba	relngo	ussr
cuba	embassy	indonesia
poland	commonbloc1	jordan
china	dependent	uk
burma	intergovorgs3	netherlands
jordan	tourism3	poland
jordan	exports3	uk
egypt	ngo	brazil
usa	relngo	indonesia
egypt	reldiplomacy	netherlands
brazil	ngoorgs3	israel
egypt	ngo	china
uk	weightedunvote	egypt
jordan	eemigrants	netherlands
egypt	emigrants3	netherlands
india	embassy	israel
china	weightedunvote	india
usa	ngoorgs3	indonesia
cuba	commonbloc1	ussr
uk	relexports	poland
usa	intergovorgs3	egypt
jordan	booktranslations	netherlands
poland	militaryactions	brazil
usa	embassy	indonesia
netherlands	militaryalliance	uk
egypt	intergovorgs3	usa
jordan	relbooktranslations	usa
poland	timesincewar	ussr
uk	negativebehavior	ussr
poland	relintergovorgs	uk
usa	weightedunvote	india
china	accusation	india
uk	unweightedunvote	egypt
poland	embassy	netherlands
jordan	commonbloc1	ussr
cuba	relintergovorgs	indonesia
jordan	commonbloc2	israel
uk	intergovorgs3	usa
israel	commonbloc1	usa
uk	ngoorgs3	brazil
indonesia	commonbloc1	cuba
usa	embassy	netherlands
netherlands	exports3	uk
usa	economicaid	israel
egypt	booktranslations	usa
brazil	weightedunvote	uk
brazil	relexports	uk
india	relbooktranslations	uk
usa	intergovorgs	netherlands
uk	independence	cuba
egypt	reltreaties	china
china	negativebehavior	uk
usa	ngo	poland
uk	weightedunvote	netherlands
india	ngoorgs3	brazil
netherlands	commonbloc1	indonesia
usa	blockpositionindex	india
israel	embassy	poland
israel	commonbloc2	egypt
egypt	embassy	brazil
poland	embassy	cuba
burma	relintergovorgs	uk
uk	relexports	usa
egypt	relstudents	uk
brazil	intergovorgs	uk
indonesia	commonbloc1	china
indonesia	exports3	china
israel	embassy	netherlands
india	commonbloc1	cuba
cuba	commonbloc2	poland
china	aidenemy	usa
brazil	embassy	poland
jordan	eemigrants	usa
egypt	intergovorgs	usa
uk	officialvisits	poland
indonesia	timesincewar	netherlands
indonesia	unoffialacts	usa
brazil	intergovorgs	india
ussr	releconomicaid	poland
cuba	intergovorgs3	egypt
israel	exports3	usa
netherlands	commonbloc0	cuba
usa	ngo	egypt
india	intergovorgs	indonesia
indonesia	relintergovorgs	netherlands
burma	officialvisits	china
usa	intergovorgs3	brazil
india	accusation	china
poland	expeldiplomats	usa
egypt	relngo	uk
indonesia	students	china
usa	nonviolentbehavior	ussr
poland	reldiplomacy	indonesia
usa	negativebehavior	india
usa	independence	netherlands
netherlands	weightedunvote	india
poland	tourism	ussr
brazil	ngo	netherlands
uk	tourism	israel
netherlands	ngo	usa
uk	ngo	israel
usa	ngo	india
china	releconomicaid	egypt
netherlands	relbooktranslations	uk
india	timesinceally	ussr
poland	embassy	china
egypt	negativebehavior	usa
egypt	embassy	china
ussr	intergovorgs3	usa
china	timesincewar	uk
netherlands	weightedunvote	poland
egypt	weightedunvote	usa
uk	independence	poland
ussr	timesinceally	egypt
india	commonbloc1	netherlands
cuba	ngoorgs3	uk
jordan	intergovorgs3	egypt
jordan	timesincewar	israel
indonesia	reldiplomacy	ussr
egypt	timesinceally	netherlands
brazil	timesinceally	cuba
indonesia	conferences	india
uk	commonbloc1	jordan
usa	intergovorgs3	netherlands
egypt	commonbloc2	indonesia
usa	economicaid	jordan
uk	relexportbooks	egypt
israel	commonbloc1	poland
cuba	independence	poland
israel	weightedunvote	uk
india	relngo	uk
uk	intergovorgs	netherlands
usa	tourism	netherlands
poland	commonbloc0	usa
uk	releconomicaid	india
usa	embassy	indonesia
usa	treaties	egypt
ussr	relbooktranslations	uk
india	commonbloc2	jordan
china	ngoorgs3	uk
israel	relngo	uk
cuba	conferences	usa
uk	relintergovorgs	usa
cuba	embassy	egypt
china	militaryactions	usa
indonesia	booktranslations	usa
poland	ngo	usa
poland	accusation	china
uk	commonbloc2	netherlands
usa	exportbooks	india
egypt	commonbloc2	jordan
india	conferences	poland
china	booktranslations	uk
netherlands	relexports	uk
uk	tourism	ussr
china	relintergovorgs	netherlands
ussr	relintergovorgs	usa
israel	commonbloc1	ussr
ussr	boycottembargo	uk
cuba	commonbloc1	burma
brazil	timesinceally	india
israel	ngo	netherlands
poland	conferences	cuba
egypt	relintergovorgs	israel
uk	unweightedunvote	cuba
indonesia	exports3	usa
uk	releconomicaid	jordan
ussr	accusation	israel
poland	embassy	india
china	relngo	india
israel	intergovorgs3	netherlands
uk	conferences	cuba
cuba	blockpositionindex	usa
egypt	independence	poland
israel	blockpositionindex	usa
cuba	relintergovorgs	brazil
jordan	negativecomm	israel
netherlands	intergovorgs	uk
netherlands	independence	jordan
uk	commonbloc1	burma
ussr	reldiplomacy	uk
usa	timesinceally	egypt
india	timesinceally	netherlands
netherlands	embassy	burma
cuba	militaryalliance	ussr
israel	tourism3	uk
brazil	intergovorgs	egypt
uk	unweightedunvote	brazil
indonesia	commonbloc1	uk
burma	commonbloc1	netherlands
ussr	ngoorgs3	netherlands
usa	independence	egypt
brazil	conferences	cuba
jordan	tourism	egypt
india	ngo	uk
usa	commonbloc1	india
ussr	intergovorgs3	netherlands
usa	embassy	jordan
uk	weightedunvote	jordan
burma	relngo	india
egypt	exports3	poland
ussr	embassy	burma
china	independence	cuba
china	commonbloc0	uk
brazil	timesinceally	uk
usa	relngo	israel
usa	releconomicaid	brazil
china	commonbloc1	jordan
uk	timesinceally	israel
usa	relstudents	uk
poland	relngo	netherlands
usa	reltourism	israel
china	commonbloc2	ussr
usa	timesinceally	uk
jordan	accusation	israel
ussr	conferences	burma
netherlands	treaties	india
jordan	relngo	israel
poland	blockpositionindex	uk
usa	officialvisits	burma
netherlands	timesinceally	poland
cuba	embassy	china
brazil	ngoorgs3	usa
indonesia	negativecomm	usa
jordan	relngo	cuba
burma	reldiplomacy	israel
ussr	reldiplomacy	netherlands
ussr	tourism	poland
ussr	intergovorgs	poland
burma	conferences	usa
jordan	commonbloc1	poland
usa	independence	ussr
jordan	relintergovorgs	india
indonesia	reldiplomacy	poland
uk	reltourism	india
egypt	intergovorgs3	netherlands
uk	independence	usa
poland	eemigrants	usa
uk	ngo	egypt
usa	relintergovorgs	netherlands
ussr	reltourism	india
poland	commonbloc1	burma
china	timesinceally	poland
egypt	negativecomm	usa
poland	weightedunvote	usa
usa	independence	cuba
brazil	intergovorgs	usa
cuba	intergovorgs3	israel
china	negativebehavior	ussr
netherlands	commonbloc0	poland
uk	pprotests	poland
ussr	embassy	uk
poland	ngo	brazil
india	unoffialacts	indonesia
brazil	ngo	cuba
burma	conferences	uk
cuba	ngoorgs3	poland
jordan	reltourism	egypt
uk	timesinceally	india
usa	intergovorgs	uk
uk	commonbloc0	poland
uk	tourism3	israel
usa	embassy	ussr
ussr	relintergovorgs	netherlands
jordan	tourism3	egypt
usa	intergovorgs	india
indonesia	embassy	usa
egypt	unweightedunvote	israel
india	relintergovorgs	uk
netherlands	commonbloc1	israel
burma	embassy	india
india	embassy	cuba
usa	conferences	cuba
usa	exportbooks	uk
india	intergovorgs	brazil
uk	ngoorgs3	israel
ussr	reldiplomacy	china
brazil	emigrants3	usa
ussr	independence	poland
burma	relintergovorgs	brazil
usa	embassy	egypt
cuba	exports3	china
netherlands	intergovorgs3	poland
usa	timesinceally	china
indonesia	reldiplomacy	usa
usa	releconomicaid	india
uk	intergovorgs	usa
poland	commonbloc0	brazil
uk	ngo	india
cuba	reltreaties	usa
jordan	timesinceally	egypt
china	ngoorgs3	netherlands
netherlands	independence	usa
indonesia	relintergovorgs	poland
usa	conferences	brazil
egypt	reltreaties	ussr
india	relstudents	usa
uk	unweightedunvote	india
china	militaryalliance	cuba
china	negativebehavior	india
israel	reltreaties	uk
brazil	intergovorgs	netherlands
burma	intergovorgs3	brazil
jordan	relstudents	egypt
uk	ngo	brazil
ussr	reldiplomacy	egypt
cuba	conferences	uk
indonesia	embassy	china
cuba	relngo	egypt
poland	reltreaties	usa
cuba	relintergovorgs	uk
indonesia	commonbloc1	ussr
ussr	conferences	brazil
ussr	embassy	china
ussr	reldiplomacy	poland
china	commonbloc1	burma
ussr	ngoorgs3	israel
usa	intergovorgs3	cuba
poland	ngoorgs3	india
uk	tourism3	usa
burma	relexports	ussr
poland	commonbloc2	china
indonesia	nonviolentbehavior	cuba
jordan	conferences	egypt
india	commonbloc1	uk
china	commonbloc1	egypt
burma	reldiplomacy	usa
uk	embassy	ussr
china	intergovorgs3	uk
usa	relexportbooks	india
egypt	timesinceally	jordan
poland	intergovorgs3	india
cuba	timesinceally	ussr
india	negativebehavior	china
ussr	ngo	poland
indonesia	negativebehavior	netherlands
usa	exportbooks	brazil
cuba	blockpositionindex	brazil
israel	unweightedunvote	cuba
brazil	conferences	ussr
egypt	intergovorgs3	brazil
india	intergovorgs3	uk
indonesia	relintergovorgs	india
ussr	treaties	poland
ussr	treaties	uk
india	treaties	netherlands
usa	independence	brazil
india	unweightedunvote	poland
israel	intergovorgs	uk
usa	booktranslations	cuba
indonesia	reldiplomacy	burma
egypt	intergovorgs	netherlands
usa	officialvisits	india
burma	commonbloc1	ussr
uk	blockpositionindex	ussr
china	timesinceally	usa
poland	timesinceally	egypt
brazil	relngo	usa
china	duration	usa
netherlands	independence	uk
netherlands	intergovorgs	brazil
uk	exportbooks	brazil
usa	duration	china
india	exports3	ussr
india	conferences	burma
india	timesincewar	china
uk	embassy	jordan
ussr	blockpositionindex	india
china	relbooktranslations	usa
israel	ngo	usa
ussr	ngoorgs3	uk
ussr	commonbloc1	israel
netherlands	students	usa
brazil	conferences	usa
ussr	commonbloc1	jordan
ussr	boycottembargo	usa
ussr	officialvisits	china
brazil	timesinceally	china
uk	economicaid	jordan
uk	exportbooks	usa
ussr	militaryalliance	poland
usa	relngo	uk
uk	embassy	israel
poland	embassy	egypt
netherlands	booktranslations	usa
egypt	ngo	netherlands
cuba	intergovorgs3	netherlands
india	attackembassy	indonesia
uk	intergovorgs	poland
israel	embassy	ussr
cuba	independence	china
netherlands	tourism	uk
jordan	relintergovorgs	netherlands
brazil	exports3	uk
brazil	blockpositionindex	china
jordan	relngo	netherlands
indonesia	commonbloc1	usa
uk	officialvisits	ussr
uk	reltreaties	ussr
uk	weightedunvote	ussr
usa	conferences	poland
egypt	accusation	usa
indonesia	blockpositionindex	usa
cuba	weightedunvote	netherlands
netherlands	weightedunvote	egypt
israel	unweightedunvote	poland
poland	intergovorgs3	ussr
poland	embassy	burma
israel	ngo	uk
usa	emigrants3	uk
indonesia	reldiplomacy	netherlands
indonesia	commonbloc2	jordan
burma	conferences	ussr
ussr	commonbloc2	china
uk	weightedunvote	usa
poland	timesinceally	brazil
jordan	relintergovorgs	indonesia
israel	intergovorgs	netherlands
ussr	commonbloc0	usa
ussr	intergovorgs3	poland
netherlands	weightedunvote	cuba
brazil	relintergovorgs	usa
jordan	relngo	india
israel	negativecomm	jordan
egypt	relngo	usa
china	intergovorgs3	cuba
uk	independence	egypt
ussr	reltreaties	poland
uk	pprotests	cuba
israel	relintergovorgs	uk
brazil	timesinceally	ussr
brazil	intergovorgs3	india
netherlands	relngo	usa
egypt	reldiplomacy	india
brazil	booktranslations	uk
egypt	relexports	usa
cuba	commonbloc0	netherlands
china	pprotests	india
poland	reldiplomacy	jordan
indonesia	intergovorgs	brazil
usa	relintergovorgs	uk
burma	exports3	indonesia
egypt	ngoorgs3	uk
usa	weightedunvote	jordan
india	relintergovorgs	usa
poland	conferences	brazil
china	independence	ussr
burma	blockpositionindex	ussr
poland	independence	egypt
uk	commonbloc1	india
brazil	timesinceally	usa
india	intergovorgs3	israel
jordan	students	usa
cuba	independence	netherlands
indonesia	intergovorgs3	brazil
poland	commonbloc1	jordan
china	ngoorgs3	usa
netherlands	militaryalliance	usa
uk	pprotests	egypt
netherlands	timesinceally	uk
netherlands	treaties	uk
uk	commonbloc1	indonesia
brazil	relbooktranslations	uk
ussr	independence	netherlands
poland	dependent	ussr
cuba	ngo	netherlands
india	weightedunvote	netherlands
uk	commonbloc0	ussr
china	accusation	indonesia
egypt	relngo	india
china	reldiplomacy	indonesia
netherlands	intergovorgs3	egypt
india	relintergovorgs	netherlands
uk	reltourism	usa
china	pprotests	ussr
china	commonbloc1	israel
egypt	weightedunvote	netherlands
indonesia	intergovorgs3	egypt
indonesia	violentactions	china
burma	relngo	indonesia
poland	accusation	usa
israel	weightedunvote	netherlands
poland	emigrants3	usa
cuba	intergovorgs3	india
usa	embassy	burma
uk	intergovorgs3	poland
ussr	aidenemy	usa
ussr	blockpositionindex	usa
uk	commonbloc0	cuba
ussr	ngoorgs3	egypt
uk	ngoorgs3	netherlands
usa	blockpositionindex	egypt
cuba	exports3	ussr
india	negativecomm	usa
jordan	embassy	india
netherlands	ngoorgs3	brazil
uk	unweightedunvote	israel
indonesia	conferences	usa
ussr	negativebehavior	usa
usa	tourism	ussr
indonesia	accusation	usa
poland	independence	brazil
uk	conferences	netherlands
brazil	reltreaties	israel
ussr	reltreaties	netherlands
egypt	dependent	uk
netherlands	reltreaties	usa
jordan	treaties	uk
ussr	embassy	usa
israel	relintergovorgs	usa
ussr	ngoorgs3	brazil
uk	unweightedunvote	netherlands
china	booktranslations	usa
poland	treaties	ussr
india	exports3	uk
ussr	reltreaties	china
netherlands	intergovorgs	india
indonesia	relngo	netherlands
uk	ngoorgs3	usa
ussr	weightedunvote	israel
egypt	reltreaties	brazil
brazil	commonbloc0	poland
jordan	ngoorgs3	egypt
cuba	relngo	brazil
india	ngo	usa
cuba	embassy	poland
usa	unweightedunvote	uk
china	reldiplomacy	cuba
egypt	timesinceally	china
israel	relexports	uk
ussr	relexports	cuba
egypt	relbooktranslations	uk
poland	intergovorgs	india
egypt	ngo	uk
brazil	relintergovorgs	netherlands
israel	embassy	burma
ussr	commonbloc2	poland
brazil	embassy	egypt
brazil	reldiplomacy	uk
brazil	independence	usa
egypt	relexports	india
burma	reldiplomacy	uk
uk	ngo	netherlands
jordan	ngoorgs3	brazil
uk	timesinceally	brazil
poland	embassy	indonesia
egypt	ngo	usa
egypt	conferences	jordan
jordan	duration	israel
poland	ngo	israel
ussr	weightedunvote	uk
ussr	pprotests	usa
poland	relngo	uk
ussr	relintergovorgs	poland
uk	eemigrants	usa
poland	reldiplomacy	egypt
poland	relexports	uk
brazil	reldiplomacy	indonesia
india	dependent	uk
uk	blockpositionindex	china
cuba	independence	ussr
israel	exports3	netherlands
ussr	embassy	cuba
china	independence	usa
india	accusation	uk
china	reldiplomacy	uk
cuba	ngoorgs3	india
uk	emigrants3	usa
ussr	intergovorgs3	uk
usa	negativebehavior	cuba
indonesia	ngoorgs3	usa
india	negativebehavior	usa
indonesia	officialvisits	ussr
india	embassy	jordan
uk	embassy	brazil
poland	weightedunvote	israel
burma	weightedunvote	netherlands
indonesia	conferences	burma
cuba	weightedunvote	usa
israel	reltreaties	usa
indonesia	duration	uk
poland	booktranslations	ussr
cuba	accusation	usa
netherlands	unweightedunvote	uk
burma	commonbloc1	china
poland	ngoorgs3	usa
israel	unweightedunvote	india
brazil	embassy	india
israel	relbooktranslations	usa
burma	relexports	china
china	treaties	egypt
egypt	militaryalliance	jordan
brazil	conferences	india
uk	tourism	netherlands
burma	commonbloc2	india
israel	treaties	usa
jordan	exports3	india
egypt	timesincewar	israel
burma	relintergovorgs	india
china	officialvisits	cuba
burma	exports3	china
netherlands	intergovorgs3	india
india	relngo	brazil
uk	commonbloc1	egypt
india	intergovorgs	uk
israel	pprotests	jordan
brazil	blockpositionindex	cuba
netherlands	commonbloc1	egypt
china	violentactions	india
egypt	blockpositionindex	ussr
egypt	exports3	china
cuba	reltreaties	indonesia
brazil	ngoorgs3	uk
indonesia	reldiplomacy	jordan
poland	reldiplomacy	burma
india	commonbloc1	brazil
ussr	officialvisits	uk
indonesia	relbooktranslations	netherlands
burma	booktranslations	uk
indonesia	conferences	uk
cuba	relemigrants	usa
cuba	relngo	uk
usa	reltourism	netherlands
brazil	timesinceally	netherlands
indonesia	ngoorgs3	egypt
ussr	intergovorgs	netherlands
india	ngo	poland
brazil	relstudents	usa
burma	relngo	usa
india	violentactions	china
burma	timesincewar	usa
cuba	reldiplomacy	israel
israel	embassy	uk
burma	intergovorgs3	egypt
ussr	accusation	china
israel	duration	jordan
china	tourism	ussr
burma	relintergovorgs	jordan
jordan	relstudents	usa
egypt	timesinceally	poland
uk	relexportbooks	burma
uk	treaties	usa
cuba	timesinceally	usa
ussr	ngoorgs3	india
netherlands	officialvisits	usa
burma	relintergovorgs	poland
uk	relexports	netherlands
netherlands	commonbloc1	jordan
israel	weightedunvote	poland
india	intergovorgs3	usa
ussr	blockpositionindex	egypt
indonesia	negativebehavior	cuba
india	timesinceally	china
poland	booktranslations	usa
usa	relngo	netherlands
india	embassy	brazil
netherlands	booktranslations	ussr
poland	negativebehavior	usa
india	ngoorgs3	uk
cuba	relngo	india
jordan	weightedunvote	usa
egypt	intergovorgs	indonesia
usa	blockpositionindex	cuba
netherlands	relbooktranslations	usa
indonesia	intergovorgs	usa
israel	tourism	uk
uk	weightedunvote	poland
egypt	ngoorgs3	india
uk	students	usa
uk	tourism	usa
poland	relintergovorgs	israel
egypt	ngoorgs3	israel
ussr	reldiplomacy	india
uk	reltreaties	usa
brazil	reldiplomacy	ussr
uk	booktranslations	ussr
indonesia	reldiplomacy	cuba
china	relngo	netherlands
china	independence	netherlands
usa	releconomicaid	jordan
usa	economicaid	brazil
uk	treaties	india
usa	intergovorgs3	india
jordan	commonbloc1	netherlands
uk	relintergovorgs	netherlands
usa	commonbloc1	indonesia
uk	timesincewar	egypt
egypt	exports3	ussr
brazil	ngoorgs3	india
netherlands	embassy	israel
brazil	relintergovorgs	israel
uk	intergovorgs	cuba
brazil	reldiplomacy	usa
egypt	relngo	brazil
usa	negativebehavior	china
israel	relintergovorgs	india
brazil	commonbloc0	cuba
brazil	ngo	india
indonesia	relngo	poland
cuba	intergovorgs	netherlands
poland	unweightedunvote	india
burma	commonbloc1	uk
poland	commonbloc1	egypt
india	relintergovorgs	israel
usa	militaryalliance	brazil
jordan	reldiplomacy	egypt
china	pprotests	indonesia
usa	ngoorgs3	poland
netherlands	intergovorgs3	usa
china	ngoorgs3	poland
netherlands	blockpositionindex	china
india	eemigrants	usa
cuba	officialvisits	ussr
india	commonbloc2	israel
burma	relngo	cuba
israel	timesinceally	usa
uk	ngo	ussr
poland	booktranslations	uk
israel	ngoorgs3	uk
uk	intergovorgs	indonesia
indonesia	dependent	netherlands
cuba	negativebehavior	usa
india	ngo	brazil
uk	relexportbooks	brazil
india	conferences	usa
netherlands	embassy	uk
india	embassy	netherlands
usa	embassy	india
brazil	ngo	uk
egypt	independence	uk
china	relngo	israel
poland	students	usa
uk	exportbooks	egypt
usa	tourism	israel
poland	reltreaties	china
uk	embassy	india
cuba	timesinceally	uk
china	timesinceally	ussr
uk	embassy	egypt
usa	intergovorgs	poland
usa	ngo	uk
cuba	conferences	ussr
cuba	treaties	uk
uk	tourism	jordan
cuba	independence	egypt
netherlands	commonbloc2	brazil
usa	treaties	netherlands
egypt	embassy	usa
usa	relexports	uk
usa	reltourism	jordan
cuba	relintergovorgs	netherlands
israel	militaryactions	jordan
usa	ngoorgs3	israel
usa	tourism	india
ussr	ngoorgs3	poland
uk	timesinceally	china
egypt	embassy	poland
cuba	embassy	netherlands
poland	conferences	ussr
poland	intergovorgs3	netherlands
china	relngo	ussr
usa	commonbloc0	china
poland	blockpositionindex	brazil
uk	weightedunvote	israel
netherlands	relemigrants	usa
china	commonbloc1	india
china	independence	brazil
israel	relngo	brazil
netherlands	ngo	israel
ussr	timesinceally	usa
ussr	treaties	netherlands
uk	tourism	egypt
netherlands	blockpositionindex	poland
ussr	treaties	usa
ussr	accusation	usa
usa	commonbloc1	jordan
indonesia	embassy	poland
india	timesinceally	poland
usa	commonbloc2	netherlands
usa	negativecomm	cuba
poland	reldiplomacy	israel
ussr	timesinceally	india
uk	nonviolentbehavior	usa
india	pprotests	israel
burma	commonbloc2	jordan
netherlands	timesincewar	indonesia
indonesia	officialvisits	poland
uk	commonbloc2	brazil
poland	intergovorgs3	usa
india	relngo	israel
netherlands	unweightedunvote	ussr
burma	commonbloc1	usa
burma	relngo	uk
jordan	relexports	india
china	intergovorgs3	poland
jordan	reldiplomacy	ussr
brazil	negativebehavior	china
india	booktranslations	uk
indonesia	booktranslations	uk
egypt	reldiplomacy	uk
india	intergovorgs3	netherlands
jordan	blockpositionindex	usa
netherlands	independence	ussr
poland	reltreaties	netherlands
brazil	relngo	uk
jordan	relintergovorgs	burma
poland	blockpositionindex	netherlands
ussr	conferences	indonesia
netherlands	conferences	uk
poland	embassy	uk
ussr	conferences	uk
china	independence	uk
india	treaties	uk
ussr	tourism3	poland
israel	intergovorgs	usa
netherlands	tourism3	usa
indonesia	reldiplomacy	brazil
israel	relngo	poland
poland	relintergovorgs	ussr
brazil	intergovorgs3	cuba
cuba	relngo	poland
usa	treaties	ussr
uk	relemigrants	usa
brazil	embassy	ussr
brazil	commonbloc2	netherlands
brazil	relngo	netherlands
brazil	timesinceally	egypt
netherlands	ngo	ussr
poland	exports3	ussr
burma	ngoorgs3	brazil
uk	negativecomm	ussr
netherlands	reltourism	israel
uk	reltourism	ussr
ussr	intergovorgs3	india
burma	weightedunvote	uk
egypt	students	usa
indonesia	relexports	china
india	weightedunvote	uk
jordan	violentactions	israel
ussr	booktranslations	poland
egypt	embassy	netherlands
ussr	reldiplomacy	indonesia
usa	relngo	india
uk	conferences	poland
brazil	commonbloc2	usa
usa	booktranslations	netherlands
indonesia	relintergovorgs	israel
netherlands	relstudents	usa
cuba	conferences	india
israel	unweightedunvote	uk
cuba	reldiplomacy	ussr
indonesia	relexports	usa
brazil	independence	china
usa	blockpositionindex	jordan
brazil	independence	egypt
egypt	treaties	uk
indonesia	boycottembargo	usa
usa	relexportbooks	uk
ussr	releconomicaid	india
indonesia	relintergovorgs	egypt
israel	relintergovorgs	egypt
china	officialvisits	egypt
indonesia	relexports	ussr
ussr	blockpositionindex	jordan
cuba	reltreaties	india
china	treaties	indonesia
brazil	embassy	usa
netherlands	weightedunvote	burma
indonesia	commonbloc2	india
israel	booktranslations	uk
jordan	pprotests	israel
china	relngo	poland
ussr	militaryalliance	cuba
ussr	timesinceally	poland
brazil	reltreaties	uk
brazil	booktranslations	usa
india	ngoorgs3	usa
usa	conferences	netherlands
ussr	independence	brazil
egypt	weightedunvote	israel
china	treaties	poland
usa	blockpositionindex	israel
burma	embassy	poland
brazil	independence	uk
poland	intergovorgs	brazil
poland	reldiplomacy	china
netherlands	intergovorgs3	israel
indonesia	commonbloc1	brazil
netherlands	independence	egypt
china	blockpositionindex	brazil
ussr	economicaid	cuba
jordan	students	egypt
usa	economicaid	india
usa	booktranslations	ussr
indonesia	relexports	netherlands
egypt	ngoorgs3	poland
china	nonviolentbehavior	usa
poland	unweightedunvote	netherlands
indonesia	unoffialacts	china
netherlands	intergovorgs3	uk
burma	conferences	indonesia
brazil	exports3	netherlands
usa	negativebehavior	ussr
poland	commonbloc0	uk
israel	blockpositionindex	ussr
brazil	intergovorgs3	uk
burma	intergovorgs3	india
poland	timesinceally	india
burma	relngo	brazil
usa	commonbloc1	egypt
india	ngoorgs3	poland
usa	tourism3	uk
brazil	reltreaties	ussr
indonesia	embassy	india
netherlands	relngo	uk
cuba	commonbloc1	indonesia
uk	treaties	poland
ussr	commonbloc0	netherlands
egypt	treaties	usa
israel	commonbloc2	indonesia
brazil	ngo	egypt
usa	timesinceally	india
usa	blockpositionindex	china
egypt	commonbloc1	china
uk	intergovorgs	india
brazil	eemigrants	usa
brazil	embassy	netherlands
netherlands	relexportbooks	usa
china	warning	india
usa	negativebehavior	indonesia
ussr	relngo	india
usa	violentactions	china
poland	reldiplomacy	uk
netherlands	exportbooks	usa
usa	conferences	uk
poland	unweightedunvote	uk
uk	relexportbooks	netherlands
egypt	timesinceally	usa
china	negativecomm	uk
usa	students	uk
china	relngo	brazil
netherlands	exports3	usa
netherlands	ngo	egypt
israel	lostterritory	jordan
cuba	relintergovorgs	india
egypt	exports3	india
ussr	relintergovorgs	uk
uk	relexportbooks	usa
poland	conferences	uk
china	commonbloc2	cuba
china	embassy	poland
usa	timesinceally	ussr
usa	officialvisits	ussr
india	commonbloc2	indonesia
cuba	reltreaties	egypt
netherlands	emigrants3	usa
china	accusation	usa
israel	ngo	poland
cuba	timesinceally	netherlands
brazil	militaryalliance	usa
india	unweightedunvote	ussr
uk	militaryactions	indonesia
ussr	relintergovorgs	israel
india	conferences	uk
usa	militaryalliance	israel
ussr	commonbloc2	cuba
brazil	commonbloc0	china
poland	conferences	usa
jordan	militaryactions	israel
egypt	embassy	india
cuba	ngo	brazil
india	intergovorgs3	indonesia
china	relexports	uk
china	reldiplomacy	poland
ussr	unweightedunvote	india
india	blockpositionindex	usa
cuba	intergovorgs3	usa
indonesia	negativebehavior	usa
netherlands	independence	china
india	pprotests	usa
netherlands	weightedunvote	israel
netherlands	embassy	egypt
india	timesinceally	usa
cuba	commonbloc2	china
usa	releconomicaid	egypt
netherlands	timesinceally	china
brazil	unweightedunvote	israel
india	relngo	netherlands
brazil	intergovorgs	indonesia
poland	intergovorgs3	uk
china	releconomicaid	indonesia
india	ngo	israel
china	timesinceally	uk
india	ngoorgs3	netherlands
israel	officialvisits	uk
israel	unweightedunvote	egypt
uk	intergovorgs	brazil
usa	negativecomm	indonesia
indonesia	relintergovorgs	usa
ussr	weightedunvote	usa
china	commonbloc2	poland
netherlands	tourism3	israel
jordan	negativebehavior	israel
uk	weightedunvote	india
ussr	booktranslations	uk
usa	tourism3	netherlands
uk	tourism	india
ussr	conferences	poland
ussr	negativebehavior	uk
egypt	reltreaties	indonesia
burma	officialvisits	india
china	economicaid	indonesia
ussr	relngo	israel
usa	intergovorgs	israel
usa	militaryalliance	india
uk	reltourism	israel
uk	exportbooks	burma
egypt	weightedunvote	uk
uk	militaryalliance	usa
uk	embassy	indonesia
israel	unweightedunvote	ussr
israel	intergovorgs	poland
india	relbooktranslations	usa
india	intergovorgs	poland
usa	militaryactions	china
usa	relexportbooks	brazil
egypt	independence	cuba
china	relintergovorgs	poland
ussr	unoffialacts	usa
burma	relexports	india
cuba	intergovorgs	usa
burma	timesincewar	uk
egypt	relintergovorgs	usa
indonesia	ngoorgs3	brazil
poland	negativecomm	usa
egypt	reldiplomacy	poland
poland	intergovorgs	ussr
cuba	weightedunvote	uk
indonesia	ngoorgs3	uk
jordan	commonbloc1	cuba
poland	timesinceally	cuba
jordan	relintergovorgs	israel
india	commonbloc1	ussr
egypt	reltreaties	cuba
israel	emigrants3	usa
uk	blockpositionindex	poland
egypt	timesinceally	india
china	reldiplomacy	ussr
usa	intergovorgs	cuba
cuba	reldiplomacy	indonesia
brazil	commonbloc1	burma
egypt	reltreaties	india
brazil	relexports	usa
cuba	commonbloc0	usa
india	ngo	egypt
ussr	conferences	cuba
burma	ngoorgs3	netherlands
poland	embassy	usa
india	officialvisits	burma
brazil	ngo	poland
burma	relexports	indonesia
brazil	intergovorgs	israel
poland	commonbloc1	india
india	relstudents	uk
israel	relintergovorgs	poland
netherlands	treaties	poland
poland	militaryalliance	ussr
netherlands	reltourism	uk
egypt	ngo	israel
poland	timesinceally	china
ussr	blockpositionindex	brazil
ussr	reltourism	poland
china	embassy	india
usa	intergovorgs	indonesia
netherlands	ngo	cuba
china	commonbloc0	usa
jordan	relintergovorgs	usa
usa	treaties	israel
indonesia	intergovorgs	netherlands
brazil	tourism	usa
netherlands	ngoorgs3	israel
uk	reltourism	jordan
usa	exportbooks	china
poland	relngo	ussr
china	independence	jordan
china	boycottembargo	ussr
egypt	relexports	ussr
egypt	independence	ussr
china	ngoorgs3	brazil
jordan	reldiplomacy	uk
ussr	nonviolentbehavior	usa
indonesia	intergovorgs3	india
ussr	intergovorgs	uk
egypt	reldiplomacy	cuba
usa	boycottembargo	ussr
usa	ngo	ussr
israel	accusation	jordan
china	relngo	egypt
israel	commonbloc2	burma
uk	relbooktranslations	ussr
egypt	reltreaties	usa
jordan	commonbloc1	china
uk	relexportbooks	china
china	eemigrants	usa
uk	ngoorgs3	poland
egypt	negativebehavior	uk
poland	treaties	netherlands
cuba	emigrants3	usa
usa	tourism	brazil
usa	commonbloc2	brazil
egypt	reltreaties	israel
netherlands	intergovorgs	ussr
israel	ngo	india
israel	timesinceally	uk
indonesia	relbooktranslations	uk
china	accusation	ussr
burma	commonbloc1	cuba
israel	relexports	usa
india	nonviolentbehavior	usa
china	independence	poland
indonesia	nonviolentbehavior	india
poland	intergovorgs	usa
israel	ngo	egypt
uk	relngo	netherlands
ussr	commonbloc1	india
egypt	reldiplomacy	china
israel	relintergovorgs	netherlands
india	timesinceally	uk
jordan	dependent	uk
uk	independence	china
uk	embassy	burma
cuba	relexports	china
india	weightedunvote	usa
israel	students	usa
usa	embassy	poland
jordan	embassy	egypt
india	unweightedunvote	israel
poland	lostterritory	ussr
india	ngoorgs3	israel
burma	reldiplomacy	india
egypt	relbooktranslations	usa
cuba	unweightedunvote	israel
usa	officialvisits	egypt
netherlands	ngo	poland
israel	ngoorgs3	india
india	reltreaties	uk
burma	exports3	uk
netherlands	timesinceally	cuba
cuba	relngo	netherlands
israel	booktranslations	usa
egypt	relintergovorgs	uk
israel	intergovorgs3	india
israel	commonbloc1	china
indonesia	embassy	brazil
uk	commonbloc1	israel
uk	ngo	usa
india	students	uk
indonesia	embassy	ussr
burma	relngo	netherlands
brazil	commonbloc1	egypt
usa	negativebehavior	poland
uk	weightedunvote	egypt
indonesia	blockpositionindex	ussr
usa	exportbooks	netherlands
uk	exports3	netherlands
usa	weightedunvote	poland
india	commonbloc1	usa
usa	ngo	israel
brazil	blockpositionindex	ussr
india	blockpositionindex	ussr
india	militaryalliance	usa
netherlands	treaties	ussr
ussr	blockpositionindex	indonesia
netherlands	weightedunvote	ussr
indonesia	reldiplomacy	china
china	embassy	ussr
brazil	unweightedunvote	uk
china	negativebehavior	indonesia
uk	officialvisits	usa
cuba	unweightedunvote	uk
usa	relexports	india
china	relbooktranslations	uk
jordan	relngo	burma
poland	conferences	india
brazil	commonbloc2	uk
poland	relbooktranslations	usa
burma	ngoorgs3	usa
burma	booktranslations	usa
cuba	conferences	brazil
ussr	independence	usa
ussr	unweightedunvote	israel
usa	negativecomm	ussr
uk	treaties	jordan
brazil	reltreaties	netherlands
uk	exportbooks	india
egypt	timesinceally	cuba
indonesia	relintergovorgs	brazil
jordan	commonbloc1	uk
uk	independence	jordan
poland	relintergovorgs	india
cuba	reldiplomacy	netherlands
poland	commonbloc0	netherlands
israel	unweightedunvote	brazil
poland	intergovorgs3	egypt
poland	relngo	usa
usa	independence	jordan
netherlands	booktranslations	uk
brazil	relngo	india
israel	relemigrants	usa
egypt	relngo	israel
cuba	embassy	israel
ussr	negativecomm	usa
egypt	commonbloc1	netherlands
indonesia	relngo	brazil
poland	ngo	netherlands
netherlands	timesinceally	egypt
netherlands	relexports	usa
usa	releconomicaid	israel
burma	commonbloc1	poland
brazil	nonviolentbehavior	usa
brazil	relbooktranslations	usa
cuba	treaties	usa
usa	treaties	cuba
netherlands	conferences	usa
ussr	intergovorgs	usa
cuba	commonbloc1	israel
cuba	relintergovorgs	usa
usa	commonbloc2	uk
egypt	independence	jordan
indonesia	nonviolentbehavior	china
usa	accusation	ussr
netherlands	exportbooks	uk
egypt	intergovorgs3	india
uk	treaties	ussr
usa	blockpositionindex	indonesia
israel	tourism3	usa
poland	independence	cuba
indonesia	reldiplomacy	india
egypt	students	uk
poland	pprotests	usa
indonesia	relintergovorgs	burma
brazil	independence	cuba
jordan	ngoorgs3	israel
cuba	exports3	uk
jordan	commonbloc1	brazil
jordan	weightedunvote	netherlands
poland	commonbloc2	cuba
indonesia	embassy	netherlands
china	blockpositionindex	usa
egypt	intergovorgs	uk
indonesia	commonbloc2	israel
uk	embassy	china
china	reldiplomacy	netherlands
ussr	commonbloc1	indonesia
cuba	relintergovorgs	poland
usa	intergovorgs	brazil
china	commonbloc0	netherlands
china	intergovorgs3	egypt
usa	intergovorgs3	uk
usa	relintergovorgs	brazil
usa	militaryalliance	indonesia
indonesia	intergovorgs	india
poland	independence	netherlands
jordan	relngo	uk
brazil	ngo	usa
uk	timesincewar	china
poland	intergovorgs3	brazil
burma	embassy	uk
netherlands	unweightedunvote	israel
israel	ngo	brazil
cuba	boycottembargo	uk
usa	relngo	brazil
netherlands	ngo	brazil
cuba	embassy	ussr
usa	treaties	india
ussr	independence	uk
china	intergovorgs3	netherlands
china	ngoorgs3	israel
netherlands	intergovorgs	israel
cuba	independence	brazil
israel	commonbloc1	uk
china	embassy	netherlands
india	relngo	usa
egypt	expeldiplomats	uk
netherlands	blockpositionindex	ussr
uk	unweightedunvote	burma
jordan	relintergovorgs	ussr
poland	timesinceally	usa
egypt	reldiplomacy	ussr
ussr	independence	cuba
ussr	nonviolentbehavior	uk
china	treaties	cuba
egypt	reltreaties	jordan
egypt	relexports	china
usa	conferences	ussr
india	intergovorgs	netherlands
india	ngo	netherlands
netherlands	embassy	indonesia
usa	pprotests	indonesia
indonesia	intergovorgs3	usa
uk	unweightedunvote	poland
uk	timesinceally	netherlands
egypt	relintergovorgs	netherlands
usa	commonbloc1	israel
usa	weightedunvote	egypt
poland	relngo	india
ussr	economicaid	india
india	officialvisits	ussr
ussr	negativebehavior	china
jordan	relintergovorgs	brazil
uk	weightedunvote	brazil
israel	relstudents	usa
usa	intergovorgs3	egypt
burma	commonbloc2	indonesia
burma	unweightedunvote	uk
brazil	blockpositionindex	poland
egypt	severdiplomatic	uk
egypt	relngo	poland
usa	economicaid	egypt
usa	nonviolentbehavior	cuba
poland	commonbloc1	indonesia
uk	timesincewar	burma
indonesia	relintergovorgs	uk
india	nonviolentbehavior	indonesia
ussr	reldiplomacy	cuba
brazil	relintergovorgs	uk
china	blockpositionindex	uk
indonesia	embassy	jordan
indonesia	intergovorgs	egypt
israel	ngoorgs3	netherlands
jordan	relngo	poland
uk	treaties	israel
uk	negativebehavior	indonesia
egypt	reldiplomacy	indonesia
india	intergovorgs	usa
indonesia	ngoorgs3	israel
jordan	commonbloc2	india
ussr	reldiplomacy	burma
uk	reltourism	egypt
brazil	commonbloc0	ussr
usa	tourism	jordan
netherlands	weightedunvote	brazil
poland	embassy	jordan
jordan	ngoorgs3	india
china	violentactions	usa
uk	tourism3	ussr
netherlands	intergovorgs3	brazil
poland	treaties	uk
netherlands	independence	cuba
netherlands	timesinceally	india
uk	timesinceally	poland
indonesia	commonbloc1	poland
brazil	reldiplomacy	poland
poland	blockpositionindex	usa
ussr	commonbloc0	brazil
brazil	independence	ussr
indonesia	nonviolentbehavior	usa
uk	warning	indonesia
brazil	weightedunvote	netherlands
israel	intergovorgs3	uk
ussr	reltreaties	usa
brazil	independence	netherlands
uk	treaties	egypt
netherlands	independence	brazil
cuba	relngo	israel
uk	commonbloc0	china
poland	independence	usa
burma	intergovorgs	india
indonesia	conferences	ussr
uk	reltourism	brazil
netherlands	commonbloc1	india
burma	intergovorgs3	usa
poland	reldiplomacy	netherlands
burma	relexports	uk
egypt	intergovorgs	brazil
usa	independence	uk
ussr	independence	egypt
egypt	embassy	indonesia
uk	relexportbooks	india
china	relngo	usa
israel	embassy	cuba
uk	intergovorgs	egypt
egypt	commonbloc2	israel
brazil	commonbloc1	israel
ussr	expeldiplomats	usa
poland	ngoorgs3	brazil
china	reldiplomacy	india
uk	conferences	ussr
netherlands	weightedunvote	jordan
cuba	commonbloc1	jordan
india	unweightedunvote	uk
indonesia	intergovorgs3	uk
poland	embassy	ussr
netherlands	weightedunvote	uk
india	booktranslations	usa
china	timesincewar	usa
usa	weightedunvote	burma
usa	officialvisits	brazil
uk	negativebehavior	india
egypt	intergovorgs	india
brazil	reldiplomacy	india
jordan	commonbloc2	egypt
egypt	booktranslations	uk
brazil	ngoorgs3	poland
jordan	relintergovorgs	egypt
india	intergovorgs3	egypt
poland	intergovorgs	netherlands
ussr	commonbloc1	egypt
ussr	blockpositionindex	israel
netherlands	embassy	cuba
poland	ngo	uk
brazil	reldiplomacy	netherlands
indonesia	accusation	china
usa	reltourism	uk
netherlands	commonbloc2	usa
ussr	embassy	israel
cuba	timesinceally	egypt
uk	intergovorgs3	egypt
cuba	timesinceally	china
usa	commonbloc0	poland
israel	treaties	uk
india	embassy	china
egypt	relngo	netherlands
israel	exports3	uk
cuba	ngoorgs3	netherlands
china	negativebehavior	usa
brazil	relexports	netherlands
indonesia	intergovorgs3	netherlands
burma	embassy	usa
usa	ngo	netherlands
cuba	timesinceally	poland
burma	relintergovorgs	netherlands
burma	relbooktranslations	usa
egypt	reltreaties	netherlands
india	timesinceally	egypt
usa	treaties	brazil
ussr	commonbloc0	uk
poland	relngo	israel
cuba	reldiplomacy	poland
usa	intergovorgs3	israel
ussr	relngo	usa
cuba	commonbloc2	ussr
egypt	timesinceally	uk
ussr	embassy	egypt
indonesia	relstudents	egypt
cuba	eemigrants	usa
usa	intergovorgs	ussr
ussr	weightedunvote	netherlands
poland	independence	ussr
netherlands	tourism	usa
usa	eemigrants	uk
uk	unweightedunvote	ussr
uk	tourism3	netherlands
cuba	intergovorgs3	brazil
poland	independence	china
ussr	conferences	india
israel	weightedunvote	cuba
netherlands	reltreaties	uk
india	embassy	usa
jordan	relngo	egypt
usa	embassy	israel
india	pprotests	china
egypt	timesincewar	uk
usa	commonbloc1	burma
brazil	commonbloc1	jordan
india	conferences	ussr
egypt	commonbloc2	burma
poland	timesinceally	uk
israel	commonbloc1	brazil
indonesia	relngo	uk
netherlands	ngoorgs3	uk
brazil	relintergovorgs	india
cuba	relngo	usa
uk	reltreaties	netherlands
israel	commonbloc2	india
ussr	negativecomm	china
usa	reltourism	ussr
usa	relexportbooks	netherlands
india	relexports	egypt
egypt	independence	china
jordan	reltreaties	egypt
ussr	economicaid	poland
india	embassy	ussr
poland	commonbloc1	israel
china	warning	usa
egypt	reldiplomacy	brazil
india	commonbloc2	burma
brazil	reldiplomacy	egypt
israel	relbooktranslations	uk
israel	commonbloc2	jordan
usa	conferences	india
usa	relbooktranslations	ussr
uk	weightedunvote	burma
egypt	reldiplomacy	netherlands
ussr	unweightedunvote	netherlands
jordan	embassy	usa
cuba	commonbloc0	uk
ussr	relngo	uk
egypt	unweightedunvote	uk
cuba	ngo	usa
cuba	blockpositionindex	netherlands
india	duration	china
china	timesincewar	india
jordan	ngoorgs3	uk
india	exports3	usa
indonesia	officialvisits	china
egypt	relstudents	usa
ussr	blockpositionindex	netherlands
cuba	intergovorgs	uk
usa	weightedunvote	uk
egypt	commonbloc1	poland
usa	negativecomm	china
egypt	independence	netherlands
indonesia	duration	china
poland	intergovorgs	uk
netherlands	ngoorgs3	poland
cuba	nonviolentbehavior	usa
usa	conferences	burma
jordan	relbooktranslations	uk
israel	relbooktranslations	ussr
uk	treaties	netherlands
egypt	exports3	usa
usa	relexports	netherlands
jordan	embassy	uk
uk	intergovorgs3	israel
poland	relintergovorgs	netherlands
india	conferences	indonesia
usa	accusation	china
china	relngo	uk
egypt	intergovorgs3	uk
israel	relintergovorgs	brazil
poland	reldiplomacy	ussr
indonesia	relngo	israel
china	ngoorgs3	india
ussr	timesincewar	poland
burma	conferences	india
jordan	relintergovorgs	uk
cuba	reldiplomacy	uk
cuba	relintergovorgs	israel
israel	ngoorgs3	poland
netherlands	embassy	jordan
brazil	reltreaties	poland
usa	blockpositionindex	burma
poland	timesinceally	netherlands
israel	intergovorgs	india
usa	treaties	uk
netherlands	timesinceally	ussr
egypt	commonbloc1	usa
ussr	embassy	india
netherlands	intergovorgs	cuba
ussr	reltreaties	uk
jordan	commonbloc2	burma
poland	treaties	usa
ussr	relngo	brazil
uk	conferences	burma
china	pprotests	uk
uk	embassy	usa
brazil	students	usa
brazil	ngoorgs3	netherlands
uk	intergovorgs3	india
ussr	relexports	poland
cuba	commonbloc1	egypt
poland	relemigrants	usa
burma	exports3	ussr
ussr	ngo	netherlands
uk	commonbloc2	usa
egypt	reltreaties	uk
ussr	unweightedunvote	uk
egypt	blockpositionindex	usa
usa	ngoorgs3	india
china	reldiplomacy	egypt
uk	conferences	india
usa	commonbloc0	ussr
usa	timesincewar	cuba
brazil	intergovorgs3	netherlands
indonesia	relngo	egypt
cuba	timesinceally	brazil
india	treaties	usa
egypt	relintergovorgs	india
uk	expeldiplomats	ussr
brazil	relngo	israel
usa	pprotests	ussr
netherlands	independence	poland
egypt	commonbloc1	ussr
uk	pprotests	usa
jordan	blockpositionindex	ussr
china	militaryactions	india
indonesia	relngo	india
burma	embassy	egypt
burma	intergovorgs3	uk
india	conferences	brazil
usa	boycottembargo	egypt
burma	relintergovorgs	cuba
ussr	officialvisits	india
usa	boycottembargo	indonesia
indonesia	severdiplomatic	cuba
netherlands	embassy	brazil
usa	ngo	cuba
brazil	treaties	usa
indonesia	negativebehavior	china
egypt	ngo	india
indonesia	intergovorgs	uk
brazil	relintergovorgs	cuba
poland	ngoorgs3	israel
egypt	relintergovorgs	brazil
indonesia	exports3	netherlands
china	timesinceally	cuba
uk	militaryalliance	netherlands
brazil	timesinceally	poland
india	conferences	cuba
jordan	reltreaties	uk
cuba	ngoorgs3	usa
usa	timesincewar	china
china	treaties	burma
netherlands	eemigrants	usa
indonesia	embassy	egypt